{
  "project_info": {
    "project_number": "931967969524",
    "firebase_url": "https://chat-app-23b5e.firebaseio.com",
    "project_id": "chat-app-23b5e",
    "storage_bucket": "chat-app-23b5e.appspot.com"
  },
  "client": [
    {
      "client_info": {
        "mobilesdk_app_id": "1:931967969524:android:29e5e32b4ffa565fc656a1",
        "android_client_info": {
          "package_name": "com.sharmaumang.chatapp"
        }
      },
      "oauth_client": [
        {
          "client_id": "931967969524-p6e0r90srhgff6k23ffjep53o3bccj6p.apps.googleusercontent.com",
          "client_type": 1,
          "android_info": {
            "package_name": "com.sharmaumang.chatapp",
            "certificate_hash": "532f86fc421ba1776a910d8c731d178ad78b2fdc"
          }
        },
        {
          "client_id": "931967969524-fshhqoh9pg4au7v8oq7trgs7p0sdti20.apps.googleusercontent.com",
          "client_type": 3
        }
      ],
      "api_key": [
        {
          "current_key": "AIzaSyBnm70M37oFALgMCUJD-L61qjBOmHohjGo"
        }
      ],
      "services": {
        "appinvite_service": {
          "other_platform_oauth_client": [
            {
              "client_id": "931967969524-fshhqoh9pg4au7v8oq7trgs7p0sdti20.apps.googleusercontent.com",
              "client_type": 3
            }
          ]
        }
      }
    }
  ],
  "configuration_version": "1"
}